category,source_count,selected_count,coverage_ratio,train_count,validation_count,test_count,minimum_target,status,warnings
Accessory Gift Set,111,19,0.17117117117117117,,,,10,ok,
Baby Dolls,16,11,0.6875,,,,10,ok,
Backpacks,724,74,0.10220994475138122,,,,10,ok,
Bangle,85,17,0.2,,,,10,ok,
Basketballs,13,10,0.7692307692307693,,,,10,ok,
Bath Robe,20,11,0.55,,,,10,ok,
Beauty Accessory,4,4,1.0,,,,10,warning,limited_source
Belts,812,81,0.09975369458128079,,,,10,ok,
Blazers,8,8,1.0,,,,10,warning,limited_source
Body Lotion,6,6,1.0,,,,10,warning,limited_source
Body Wash and Scrub,1,1,1.0,,,,10,warning,limited_source
Booties,12,10,0.8333333333333334,,,,10,ok,
Boxers,52,14,0.2692307692307692,,,,10,ok,
Bra,477,52,0.1090146750524109,,,,10,ok,
Bracelet,66,15,0.22727272727272727,,,,10,ok,
Briefs,847,84,0.09917355371900827,,,,10,ok,
Camisoles,39,13,0.3333333333333333,,,,10,ok,
Capris,151,23,0.152317880794702,,,,10,ok,
Caps,282,34,0.12056737588652482,,,,10,ok,
Casual Shoes,2845,262,0.09209138840070298,,,,10,ok,
Churidar,30,12,0.4,,,,10,ok,
Clothing Set,8,8,1.0,,,,10,warning,limited_source
Clutches,290,35,0.1206896551724138,,,,10,ok,
Compact,49,13,0.2653061224489796,,,,10,ok,
Concealer,11,10,0.9090909090909091,,,,10,ok,
Cufflinks,106,19,0.1792452830188679,,,,10,ok,
Cushion Covers,1,1,1.0,,,,10,warning,limited_source
Deodorant,347,40,0.11527377521613832,,,,10,ok,
Dresses,439,48,0.10933940774487472,,,,10,ok,
Duffel Bag,88,17,0.19318181818181818,,,,10,ok,
Dupatta,115,19,0.16521739130434782,,,,10,ok,
Earrings,415,46,0.1108433734939759,,,,10,ok,
Eye Cream,6,6,1.0,,,,10,warning,limited_source
Eyeshadow,42,13,0.30952380952380953,,,,10,ok,
Face Moisturisers,61,15,0.2459016393442623,,,,10,ok,
Face Scrub and Exfoliator,5,5,1.0,,,,10,warning,limited_source
Face Serum and Gel,2,2,1.0,,,,10,warning,limited_source
Face Wash and Cleanser,28,12,0.42857142857142855,,,,10,ok,
Flats,500,54,0.108,,,,10,ok,
Flip Flops,916,91,0.09934497816593886,,,,10,ok,
Footballs,8,8,1.0,,,,10,warning,limited_source
Formal Shoes,636,66,0.10377358490566038,,,,10,ok,
Foundation and Primer,75,16,0.21333333333333335,,,,10,ok,
Fragrance Gift Set,57,14,0.24561403508771928,,,,10,ok,
Free Gifts,90,17,0.18888888888888888,,,,10,ok,
Gloves,20,11,0.55,,,,10,ok,
Hair Accessory,1,1,1.0,,,,10,warning,limited_source
Hair Colour,19,11,0.5789473684210527,,,,10,ok,
Handbags,1757,165,0.09391007398975526,,,,10,ok,
Hat,3,3,1.0,,,,10,warning,limited_source
Headband,7,7,1.0,,,,10,warning,limited_source
Heels,1320,127,0.09621212121212121,,,,10,ok,
Highlighter and Blush,52,14,0.2692307692307692,,,,10,ok,
Innerwear Vests,242,31,0.128099173553719,,,,10,ok,
Ipad,1,1,1.0,,,,10,warning,limited_source
Jackets,255,32,0.12549019607843137,,,,10,ok,
Jeans,587,61,0.10391822827938671,,,,10,ok,
Jeggings,34,12,0.35294117647058826,,,,10,ok,
Jewellery Set,58,14,0.2413793103448276,,,,10,ok,
Jumpsuit,16,11,0.6875,,,,10,ok,
Kajal and Eyeliner,101,18,0.1782178217821782,,,,10,ok,
Key chain,2,2,1.0,,,,10,warning,limited_source
Kurta Sets,94,17,0.18085106382978725,,,,10,ok,
Kurtas,1844,173,0.0938177874186551,,,,10,ok,
Kurtis,234,30,0.1282051282051282,,,,10,ok,
Laptop Bag,82,16,0.1951219512195122,,,,10,ok,
Leggings,167,24,0.1437125748502994,,,,10,ok,
Lehenga Choli,4,4,1.0,,,,10,warning,limited_source
Lip Care,16,11,0.6875,,,,10,ok,
Lip Gloss,144,22,0.1527777777777778,,,,10,ok,
Lip Liner,48,13,0.2708333333333333,,,,10,ok,
Lip Plumper,4,4,1.0,,,,10,warning,limited_source
Lipstick,315,37,0.11746031746031746,,,,10,ok,
Lounge Pants,61,15,0.2459016393442623,,,,10,ok,
Lounge Shorts,34,12,0.35294117647058826,,,,10,ok,
Lounge Tshirts,3,3,1.0,,,,10,warning,limited_source
Makeup Remover,4,4,1.0,,,,10,warning,limited_source
Mascara,13,10,0.7692307692307693,,,,10,ok,
Mask and Peel,12,10,0.8333333333333334,,,,10,ok,
Mens Grooming Kit,1,1,1.0,,,,10,warning,limited_source
Messenger Bag,44,13,0.29545454545454547,,,,10,ok,
Mobile Pouch,47,13,0.2765957446808511,,,,10,ok,
Mufflers,38,12,0.3157894736842105,,,,10,ok,
Nail Essentials,6,6,1.0,,,,10,warning,limited_source
Nail Polish,329,38,0.11550151975683891,,,,10,ok,
Necklace and Chains,160,23,0.14375,,,,10,ok,
Nehru Jackets,5,5,1.0,,,,10,warning,limited_source
Night suits,141,22,0.15602836879432624,,,,10,ok,
Nightdress,189,26,0.13756613756613756,,,,10,ok,
Patiala,38,12,0.3157894736842105,,,,10,ok,
Pendant,175,25,0.14285714285714285,,,,10,ok,
Perfume and Body Mist,610,63,0.10327868852459017,,,,10,ok,
Rain Jacket,18,11,0.6111111111111112,,,,10,ok,
Rain Trousers,2,2,1.0,,,,10,warning,limited_source
Ring,118,20,0.1694915254237288,,,,10,ok,
Robe,4,4,1.0,,,,10,warning,limited_source
Rompers,12,10,0.8333333333333334,,,,10,ok,
Rucksacks,11,10,0.9090909090909091,,,,10,ok,
Salwar,32,12,0.375,,,,10,ok,
Salwar and Dupatta,7,7,1.0,,,,10,warning,limited_source
Sandals,896,89,0.09933035714285714,,,,10,ok,
Sarees,427,47,0.11007025761124122,,,,10,ok,
Scarves,119,20,0.16806722689075632,,,,10,ok,
Shapewear,9,9,1.0,,,,10,warning,limited_source
Shirts,2929,270,0.09218163195629908,,,,10,ok,
Shoe Accessories,23,11,0.4782608695652174,,,,10,ok,
Shoe Laces,1,1,1.0,,,,10,warning,limited_source
Shorts,499,53,0.1062124248496994,,,,10,ok,
Shrug,6,6,1.0,,,,10,warning,limited_source
Skirts,114,19,0.16666666666666666,,,,10,ok,
Socks,684,70,0.1023391812865497,,,,10,ok,
Sports Sandals,67,15,0.22388059701492538,,,,10,ok,
Sports Shoes,2034,190,0.09341199606686332,,,,10,ok,
Stockings,32,12,0.375,,,,10,ok,
Stoles,90,17,0.18888888888888888,,,,10,ok,
Sunglasses,1057,103,0.09744560075685904,,,,10,ok,
Sunscreen,25,11,0.44,,,,10,ok,
Suspenders,40,13,0.325,,,,10,ok,
Sweaters,277,34,0.12274368231046931,,,,10,ok,
Sweatshirts,283,34,0.12014134275618374,,,,10,ok,
Swimwear,17,11,0.6470588235294118,,,,10,ok,
Tablet Sleeve,3,3,1.0,,,,10,warning,limited_source
Ties,263,32,0.12167300380228137,,,,10,ok,
Ties and Cufflinks,2,2,1.0,,,,10,warning,limited_source
Tights,9,9,1.0,,,,10,warning,limited_source
Toner,5,5,1.0,,,,10,warning,limited_source
Tops,1666,157,0.09423769507803122,,,,10,ok,
Track Pants,304,36,0.11842105263157894,,,,10,ok,
Tracksuits,29,12,0.41379310344827586,,,,10,ok,
Travel Accessory,16,11,0.6875,,,,10,ok,
Trolley Bag,3,3,1.0,,,,10,warning,limited_source
Trousers,528,56,0.10606060606060606,,,,10,ok,
Trunk,140,22,0.15714285714285714,,,,10,ok,
Tshirts,6870,620,0.09024745269286755,,,,10,ok,
Tunics,229,29,0.12663755458515283,,,,10,ok,
Umbrellas,6,6,1.0,,,,10,warning,limited_source
Waist Pouch,17,11,0.6470588235294118,,,,10,ok,
Waistcoat,15,10,0.6666666666666666,,,,10,ok,
Wallets,934,92,0.09850107066381156,,,,10,ok,
Watches,2539,235,0.09255612445844821,,,,10,ok,
Water Bottle,11,10,0.9090909090909091,,,,10,ok,
Wristbands,7,7,1.0,,,,10,warning,limited_source
