task,metric,pretrained,finetuned,delta_percentage_points,evaluated_queries,skipped_queries,gallery_size
text_to_image,precision@1,0.5391120507399577,0.6300211416490487,9.090909090909093,473,0,473
text_to_image,precision@5,0.17843551797040308,0.18604651162790847,0.7610993657505394,473,0,473
text_to_image,precision@10,0.09577167019027563,0.09894291754756955,0.31712473572939187,473,0,473
text_to_image,recall@1,0.5391120507399577,0.6300211416490487,9.090909090909093,473,0,473
text_to_image,recall@5,0.8921775898520085,0.9302325581395349,3.8054968287526414,473,0,473
text_to_image,recall@10,0.9577167019027484,0.9894291754756871,3.1712473572938715,473,0,473
text_to_image,f1@1,0.5391120507399577,0.6300211416490487,9.090909090909093,473,0,473
text_to_image,f1@5,0.29739252995066867,0.3100775193798445,1.2684989429175841,473,0,473
text_to_image,f1@10,0.174130309436864,0.17989621372285303,0.5765904285989026,473,0,473
image_to_text,precision@1,0.5306553911205074,0.6680761099365751,13.742071881606766,473,0,473
image_to_text,precision@5,0.17336152219873283,0.18562367864693596,1.2262156448203139,473,0,473
image_to_text,precision@10,0.0942917547568718,0.09852008456659703,0.42283298097252203,473,0,473
image_to_text,recall@1,0.5306553911205074,0.6680761099365751,13.742071881606766,473,0,473
image_to_text,recall@5,0.8668076109936576,0.9281183932346723,6.131078224101472,473,0,473
image_to_text,recall@10,0.9429175475687104,0.985200845665962,4.228329809725162,473,0,473
image_to_text,f1@1,0.5306553911205074,0.6680761099365751,13.742071881606766,473,0,473
image_to_text,f1@5,0.28893587033121815,0.3093727977448903,2.043692741367215,473,0,473
image_to_text,f1@10,0.17143955410340245,0.17912742648472116,0.7687872381318711,473,0,473
image_to_image_category,precision@1,0.6717557251908397,0.6946564885496184,2.2900763358778664,393,80,473
image_to_image_category,precision@5,0.5862595419847332,0.6178117048346057,3.15521628498725,393,80,473
image_to_image_category,precision@10,0.4875318066157758,0.5208651399491101,3.3333333333334325,393,80,473
image_to_image_category,recall@1,0.09566948107024431,0.09952275459909038,0.38532735288460684,393,80,473
image_to_image_category,recall@5,0.31710013481005833,0.33704921103775964,1.9949076227701312,393,80,473
image_to_image_category,recall@10,0.46487467790903025,0.4871217974843938,2.224711957536357,393,80,473
image_to_image_category,f1@1,0.14203864397907964,0.14856189610424667,0.6523252125167023,393,80,473
image_to_image_category,f1@5,0.3243084530203724,0.34404152174345803,1.9733068723085612,393,80,473
image_to_image_category,f1@10,0.3766566158811453,0.39689446823353713,2.023785235239184,393,80,473
