system,input,task,k,precision,recall,f1,category_macro_precision,category_macro_recall,category_macro_f1,evaluated_queries,skipped_queries,gallery_size
sbert_text_only,text,same-category product retrieval,1,0.6692111959287532,0.0997379062837076,0.1429712187189422,0.5402662399667688,0.213522167138946,0.2595308945030025,393,80,473
sbert_text_only,text,same-category product retrieval,5,0.5211195928753187,0.2682676448516143,0.2734903306053161,0.3211322066398549,0.4218232826985026,0.286091574638632,393,80,473
sbert_text_only,text,same-category product retrieval,10,0.4564885496183206,0.4090122748328864,0.3370321442864755,0.2523767229176236,0.5674216940799943,0.2778165793370596,393,80,473
clip_pretrained_text_only,text,same-category product retrieval,1,0.7048346055979644,0.098875414944117,0.1473875796094757,0.556954988331958,0.1903149746110819,0.24406352206702,393,80,473
clip_pretrained_text_only,text,same-category product retrieval,5,0.5720101781170488,0.307632292078857,0.3116459515607445,0.3691568780494701,0.4792058171947803,0.3340611424151531,393,80,473
clip_pretrained_text_only,text,same-category product retrieval,10,0.4961832061068708,0.4589788674712339,0.3724923334643163,0.2827583126454573,0.6412379296260985,0.3155537566235029,393,80,473
clip_finetuned_text_only,text,same-category product retrieval,1,0.6895674300254453,0.0977744696637825,0.1439762388035538,0.5440640562480413,0.1948853010186236,0.2455729525427683,393,80,473
clip_finetuned_text_only,text,same-category product retrieval,5,0.5379134860050895,0.2793494383761561,0.2850284490723744,0.336056389289305,0.4309551551271147,0.3016016439663249,393,80,473
clip_finetuned_text_only,text,same-category product retrieval,10,0.4547073791348606,0.4065864401360586,0.3318444220698847,0.2502746532250092,0.5701086787781956,0.2775016698302241,393,80,473
resnet18_image_only,image,same-category product retrieval,1,0.6183206106870229,0.0781988918630139,0.1188052443064647,0.4489467405042345,0.1420564229989289,0.1855799899105079,393,80,473
resnet18_image_only,image,same-category product retrieval,5,0.5287531806615786,0.2446722015615145,0.2673791601533699,0.3043423692845727,0.3274453692247364,0.2556635677293444,393,80,473
resnet18_image_only,image,same-category product retrieval,10,0.4559796437659038,0.365666518242855,0.3202016527659356,0.2317888433099791,0.4457065990048565,0.246199033131123,393,80,473
sbert_resnet18_rrf,image + text,same-category product retrieval,1,0.72264631043257,0.1071504492115178,0.1573691695200693,0.5946738809748738,0.2151362447967904,0.2733233302199248,393,80,473
sbert_resnet18_rrf,image + text,same-category product retrieval,5,0.609160305343512,0.3085631515784188,0.3204460051613335,0.3742355032782988,0.4608478407300173,0.3301306811361124,393,80,473
sbert_resnet18_rrf,image + text,same-category product retrieval,10,0.5445292620865142,0.4714756730405589,0.395776351829161,0.2938464306687016,0.6248037607156666,0.320641413732029,393,80,473
clip_pretrained_image_only,image,same-category product retrieval,1,0.6717557251908397,0.09566948107024431,0.14203864397907964,0.5367421834978651,0.18629831766763605,0.23766507430344808,393,80,473
clip_pretrained_image_only,image,same-category product retrieval,5,0.5862595419847332,0.31710013481005833,0.3243084530203724,0.38236701464463213,0.48471017639901215,0.3431616614336655,393,80,473
clip_pretrained_image_only,image,same-category product retrieval,10,0.4875318066157758,0.46487467790903025,0.3766566158811453,0.28721779676952996,0.6412018095787086,0.3219667918782504,393,80,473
clip_finetuned_image_only,image,same-category product retrieval,1,0.6946564885496184,0.09952275459909038,0.14856189610424667,0.5613925497016212,0.19076980717227404,0.24505998706869603,393,80,473
clip_finetuned_image_only,image,same-category product retrieval,5,0.6178117048346057,0.33704921103775964,0.34404152174345803,0.4068771486237019,0.5129284864553354,0.3671528809574346,393,80,473
clip_finetuned_image_only,image,same-category product retrieval,10,0.5208651399491101,0.4871217974843938,0.39689446823353713,0.3013713099938451,0.6678035618185956,0.3364244367047415,393,80,473
