task,metric,pretrained,finetuned,delta_percentage_points,evaluated_queries,skipped_queries,gallery_size
text_to_image,precision@1,0.47520661157024796,0.6115702479338843,13.63636363636363,484,0,484
text_to_image,precision@5,0.1628099173553731,0.1847107438016544,2.1900826446281303,484,0,484
text_to_image,precision@10,0.09132231404958752,0.09793388429752149,0.6611570247933976,484,0,484
text_to_image,recall@1,0.47520661157024796,0.6115702479338843,13.63636363636363,484,0,484
text_to_image,recall@5,0.8140495867768595,0.9235537190082644,10.950413223140497,484,0,484
text_to_image,recall@10,0.9132231404958677,0.9793388429752066,6.6115702479338845,484,0,484
text_to_image,f1@1,0.47520661157024796,0.6115702479338843,13.63636363636363,484,0,484
text_to_image,f1@5,0.27134986225895186,0.3078512396694212,3.6501377410469327,484,0,484
text_to_image,f1@10,0.1660405709992492,0.1780616078136748,1.2021036814425594,484,0,484
image_to_text,precision@1,0.49586776859504134,0.5971074380165289,10.123966942148755,484,0,484
image_to_text,precision@5,0.1628099173553731,0.18388429752066265,2.107438016528956,484,0,484
image_to_text,precision@10,0.09214876033057927,0.09772727272727356,0.5578512396694296,484,0,484
image_to_text,recall@1,0.49586776859504134,0.5971074380165289,10.123966942148755,484,0,484
image_to_text,recall@5,0.8140495867768595,0.9194214876033058,10.537190082644631,484,0,484
image_to_text,recall@10,0.9214876033057852,0.9772727272727273,5.578512396694213,484,0,484
image_to_text,f1@1,0.49586776859504134,0.5971074380165289,10.123966942148755,484,0,484
image_to_text,f1@5,0.27134986225895186,0.3064738292011016,3.512396694214975,484,0,484
image_to_text,f1@10,0.1675432006010524,0.177685950413224,1.0142749812171585,484,0,484
image_to_image_category,precision@1,0.7175398633257403,0.7539863325740319,3.6446469248291646,439,45,484
image_to_image_category,precision@5,0.6674259681093402,0.7011389521640099,3.3712984054669715,439,45,484
image_to_image_category,precision@10,0.58246013667426,0.6271070615034172,4.464692482915722,439,45,484
image_to_image_category,recall@1,0.06570708886712319,0.07078906856704927,0.5081979699926076,439,45,484
image_to_image_category,recall@5,0.2711636096787834,0.28563443287173396,1.4470823192950566,439,45,484
image_to_image_category,recall@10,0.41926350692093783,0.43844027442759625,1.917676750665842,439,45,484
image_to_image_category,f1@1,0.10860543741734975,0.11538853030522618,0.678309288787643,439,45,484
image_to_image_category,f1@5,0.31458117251669837,0.3281535316223844,1.357235910568605,439,45,484
image_to_image_category,f1@10,0.39467233053210243,0.4132276007422245,1.8555270210122043,439,45,484
