model,task,k,precision_percent,recall_percent,hit_rate_percent,mrr,evaluated_queries,skipped_queries,parameters,parameter_mib,embedding_dim,query_p50_ms,query_p95_ms
ResNet18 pretrained,image_to_image_category,1,74.4875,6.3707,74.4875,0.744874715261959,439,45,11176512,42.635009765625,512,21.041450003394857,24.730720005754844
ResNet18 pretrained,image_to_image_category,5,64.2825,24.1262,89.5216,0.8066059225512531,439,45,11176512,42.635009765625,512,21.041450003394857,24.730720005754844
ResNet18 pretrained,image_to_image_category,10,56.7654,37.7388,93.6219,0.8121940195972086,439,45,11176512,42.635009765625,512,21.041450003394857,24.730720005754844
ResNet18 đã train,image_to_image_category,1,66.5148,6.0497,66.5148,0.6651480637813212,439,45,11176512,42.635009765625,512,23.367149995465297,29.98800000787013
ResNet18 đã train,image_to_image_category,5,60.9112,22.6029,86.5604,0.7482536066818527,439,45,11176512,42.635009765625,512,23.367149995465297,29.98800000787013
ResNet18 đã train,image_to_image_category,10,54.3052,34.2551,92.4829,0.756490219474274,439,45,11176512,42.635009765625,512,23.367149995465297,29.98800000787013
SBERT multilingual MiniLM-L12,text_to_text_category,1,82.0046,8.0188,82.0046,0.8200455580865603,439,45,117653760,448.8134765625,384,102.31139999814332,111.3137899999856
SBERT multilingual MiniLM-L12,text_to_text_category,5,70.9795,28.8101,94.0774,0.8695899772209568,439,45,117653760,448.8134765625,384,102.31139999814332,111.3137899999856
SBERT multilingual MiniLM-L12,text_to_text_category,10,62.9157,43.5247,96.5831,0.8731351918140076,439,45,117653760,448.8134765625,384,102.31139999814332,111.3137899999856
CLIP ViT-B/32 pretrained,image_to_image_category,1,71.754,6.5707,71.754,0.7175398633257403,439,45,151277313,577.0771522521973,512,134.76404999528313,153.00960000022314
CLIP ViT-B/32 pretrained,image_to_image_category,5,66.7426,27.1164,92.4829,0.8036066818526955,439,45,151277313,577.0771522521973,512,134.76404999528313,153.00960000022314
CLIP ViT-B/32 pretrained,image_to_image_category,10,58.246,41.9264,95.2164,0.8076110930325052,439,45,151277313,577.0771522521973,512,134.76404999528313,153.00960000022314
CLIP ViT-B/32 pretrained,text_to_text_category,1,76.7654,7.3289,76.7654,0.7676537585421412,439,45,151277313,577.0771522521973,512,37.417150000692345,48.13713999465108
CLIP ViT-B/32 pretrained,text_to_text_category,5,69.2938,26.8367,93.8497,0.839331814730448,439,45,151277313,577.0771522521973,512,37.417150000692345,48.13713999465108
CLIP ViT-B/32 pretrained,text_to_text_category,10,60.6606,42.0521,96.1276,0.8423048414506273,439,45,151277313,577.0771522521973,512,37.417150000692345,48.13713999465108
CLIP ViT-B/32 pretrained,text_to_image_product,1,47.5207,47.5207,47.5207,0.47520661157024796,484,0,151277313,577.0771522521973,512,,
CLIP ViT-B/32 pretrained,text_to_image_product,5,16.281,81.405,81.405,0.6030991735537186,484,0,151277313,577.0771522521973,512,,
CLIP ViT-B/32 pretrained,text_to_image_product,10,9.1322,91.3223,91.3223,0.6166355109536925,484,0,151277313,577.0771522521973,512,,
CLIP ViT-B/32 pretrained,image_to_text_product,1,49.5868,49.5868,49.5868,0.49586776859504134,484,0,151277313,577.0771522521973,512,,
CLIP ViT-B/32 pretrained,image_to_text_product,5,16.281,81.405,81.405,0.6139807162534433,484,0,151277313,577.0771522521973,512,,
CLIP ViT-B/32 pretrained,image_to_text_product,10,9.2149,92.1488,92.1488,0.6289633346451527,484,0,151277313,577.0771522521973,512,,
